players,date,ssg_bout,total_distance_m,tot_hsr_distance,acceleration_density,total_player_load,player_load_slow,get_up,stagnos_trimp
24,13/07/2019,1,282.32062,0,0.66228,28.14898,12.11456,0,429.6
25,13/07/2019,1,242.43939,12.7,0.649,27.8815,11.69804,3,400.61
27,13/07/2019,1,264.72525,0,0.65738,30.19558,13.0204,0,220.34
28,13/07/2019,1,271.93414,7.61,0.87651,28.56437,9.81487,2,451.26
29,13/07/2019,1,261.07498,0,0.6949,29.71969,13.06316,1,0
30,13/07/2019,1,254.51114,1.5,0.76826,27.55807,12.30783,2,377.81
31,13/07/2019,1,248.13365,3.56,0.79444,22.64714,7.98717,1,392.81
34,13/07/2019,1,281.00897,0,0.82047,36.41663,15.64956,0,457.95
35,13/07/2019,1,263.18369,0,0.7604,29.5152,12.43486,1,309.17
36,13/07/2019,1,244.09778,0,0.7142,24.60046,10.50275,0,281.72
37,13/07/2019,1,257.4353,9.05,0.70098,25.42761,10.24934,3,354.68
38,13/07/2019,1,255.80238,10.65,0.72134,25.6137,8.73626,0,310.09
24,13/07/2019,2,267.62708,13.04,0.68752,27.46934,9.05862,2,364.31
25,13/07/2019,2,230.43472,3.07,0.67072,26.04015,11.89086,1,356.52
27,13/07/2019,2,227.73915,0,0.72464,24.15563,9.30886,1,245.22
28,13/07/2019,2,253.08051,0,0.77882,26.92549,10.99662,2,480.03
29,13/07/2019,2,252.74309,0,0.70464,28.35092,11.87733,1,0
30,13/07/2019,2,269.60916,0,0.73509,28.61199,11.6218,2,450.32
31,13/07/2019,2,250.4919,0,0.7244,23.719,8.9772,0,396.01
34,13/07/2019,2,224.23596,0,0.74213,29.6402,12.16432,2,445.36
35,13/07/2019,2,268.45425,13.18,0.8465,33.53918,12.14529,4,381.69
36,13/07/2019,2,224.20769,0,0.80992,24.22317,10.67905,0,336.91
37,13/07/2019,2,280.34161,4.22,0.67458,25.99492,7.80645,0,377.17
38,13/07/2019,2,259.9209,6.31,0.77325,27.52971,9.16009,0,309.04
24,13/07/2019,3,293.80569,0,0.71446,29.97482,11.21603,0,487.74
25,13/07/2019,3,306.35608,3.23,0.82177,32.2115,9.68099,1,501.57
27,13/07/2019,3,270.00662,5.01,0.74726,29.85623,12.45689,1,401.31
28,13/07/2019,3,289.57413,6.61,0.80229,32.20352,11.05206,4,630.09
29,13/07/2019,3,307.62512,0,0.72691,33.42283,11.52768,0,0
30,13/07/2019,3,292.89359,0,0.7444,33.04002,12.82342,2,600.17
31,13/07/2019,3,233.9606,0,0.76566,24.08394,10.82673,3,203.04
34,13/07/2019,3,296.45087,0.39,0.8541,40.14404,14.70612,2,546.43
35,13/07/2019,3,269.21817,2.03,0.74293,30.12452,12.97428,4,452.43
36,13/07/2019,3,277.58881,11.38,0.83542,29.2433,10.51138,2,468
37,13/07/2019,3,318.28592,0,0.7329,29.54647,7.33654,0,453.97
38,13/07/2019,3,269.4389,0,0.76054,30.28028,11.42812,0,419.51
24,13/07/2019,4,306.70517,2.63,0.68825,32.41528,10.5213,2,546.92
25,13/07/2019,4,305.26971,3.39,0.72991,32.21018,8.98143,0,520.98
27,13/07/2019,4,325.96774,0,0.67979,33.68164,9.79743,0,386.43
28,13/07/2019,4,299.16821,28.24,0.78898,30.05969,9.56929,3,685.98
29,13/07/2019,4,313.13126,2.66,0.68223,36.68077,11.90436,0,0
30,13/07/2019,4,285.03992,4.68,0.71006,27.88252,10.86297,1,584.27
31,13/07/2019,4,272.31381,25.54,0.75034,25.42073,6.62793,0,400.28
34,13/07/2019,4,282.38416,0,0.74358,35.03545,11.4368,0,533.74
35,13/07/2019,4,321.9397,4.46,0.75786,34.33506,9.79592,2,498.01
36,13/07/2019,4,300.27847,0,0.81005,32.9292,10.64339,2,476.71
37,13/07/2019,4,304.80942,0,0.73918,30.68027,8.56864,3,457.89
38,13/07/2019,4,277.46759,6.15,0.79329,29.55996,10.84089,0,406.35
24,15/07/2019,1,296.76874,0,0.70959,30.54554,10.07665,0,489.17
25,15/07/2019,1,257.24994,8.84,0.72117,27.37367,10.88697,0,466.45
26,15/07/2019,1,319.36942,0,0.73101,35.62197,10.48695,0,438.88
27,15/07/2019,1,266.91153,12.74,0.68446,27.01565,8.3399,0,354.66
28,15/07/2019,1,328.681,0,0.85466,30.43335,8.57816,2,645.13
29,15/07/2019,1,284.61649,0,0.82757,35.20076,12.24109,4,480.09
30,15/07/2019,1,295.66336,0,0.80262,31.36262,11.0108,0,518.75
31,15/07/2019,1,264.48096,0,0.78725,24.58272,8.8243,0,647.28
39,15/07/2019,1,343.0126,3.94,0.90065,35.33018,8.93407,2,665.3
34,15/07/2019,1,300.83987,0,0.78835,39.14117,11.71494,2,502.52
35,15/07/2019,1,294.95453,0,0.82908,31.81609,11.52776,2,448.59
33,15/07/2019,1,276.57541,0,0.71259,26.93617,10.25434,0,467.72
14,15/07/2019,1,307.48239,1.02,0.75199,26.51078,8.82568,0,648.11
36,15/07/2019,1,262.04599,1.92,0.84489,27.38121,10.2444,1,452.86
37,15/07/2019,1,358.78644,14.17,0.78651,34.17818,7.8038,2,591.91
38,15/07/2019,1,304.59033,0,0.80489,29.34489,8.25391,0,333.9
23,15/07/2019,1,341.81921,0,0.75884,39.64722,9.95614,3,471.45
24,15/07/2019,2,298.17584,9.44,0.83669,30.31619,9.12657,0,532.89
25,15/07/2019,2,270.52094,3.52,0.76105,28.47338,8.28094,0,445.98
26,15/07/2019,2,323.03052,1.47,0.82443,33.33118,9.74271,0,347.52
27,15/07/2019,2,268.1601,0,0.69764,26.02157,9.35387,0,336.73
28,15/07/2019,2,306.54285,0,0.80064,28.84215,7.97958,1,659.93
29,15/07/2019,2,320.38638,5.76,0.89903,35.98047,11.47528,2,500.4
30,15/07/2019,2,296.41833,0,0.77526,32.52579,10.60511,0,617.73
31,15/07/2019,2,248.81662,2.4,0.73168,23.3964,8.21043,0,607.34
39,15/07/2019,2,302.51508,0.43,0.82973,34.59881,10.17582,3,680.53
34,15/07/2019,2,324.20032,0,0.86652,41.09301,11.02435,1,563.01
35,15/07/2019,2,323.0751,0,0.81801,35.68871,11.41404,1,471.28
33,15/07/2019,2,295.24249,0,0.75015,30.07949,9.13684,0,590.29
14,15/07/2019,2,294.75607,0.46,0.75263,25.57183,7.49436,0,637.14
36,15/07/2019,2,285.75888,0,0.80835,28.81741,9.8752,2,483.43
37,15/07/2019,2,328.01578,0,0.69656,29.86785,7.37637,0,585.2
38,15/07/2019,2,338.82086,26.69,0.81642,35.03667,8.58597,0,351.31
23,15/07/2019,2,292.25781,3.1,0.76388,33.4064,10.84933,4,499.82
24,15/07/2019,3,301.14099,3.33,0.75807,31.91417,10.17178,0,543.49
25,15/07/2019,3,258.43936,13.17,0.77867,27.75021,9.36773,0,460.36
26,15/07/2019,3,302.25906,1.54,0.76965,32.95755,10.43607,0,453.08
27,15/07/2019,3,283.1795,2.12,0.83635,30.58271,11.09531,0,470.19
28,15/07/2019,3,320.69455,0,0.73722,30.76779,8.96962,1,702.27
29,15/07/2019,3,282.86459,0,0.87835,33.08905,14.17214,1,495.77
30,15/07/2019,3,312.92493,17.79,0.74763,31.3203,10.52686,0,634.48
31,15/07/2019,3,260.01526,1.43,0.77418,25.50608,8.11864,0,334.75
39,15/07/2019,3,296.70636,4.43,0.87493,35.24355,10.81214,4,719.72
34,15/07/2019,3,300.17773,2.77,0.81036,39.70922,11.96204,3,600.86
35,15/07/2019,3,291.9418,0,0.72247,32.39033,13.43932,2,443.75
33,15/07/2019,3,296.10281,7.64,0.7541,30.8223,8.93256,0,300.3
14,15/07/2019,3,312.40048,4.31,0.6943,26.8455,7.17363,0,663.97
36,15/07/2019,3,239.93053,0,0.8157,26.80902,11.01797,4,547.75
37,15/07/2019,3,319.92053,3.22,0.62185,30.69656,7.45338,2,632.3
38,15/07/2019,3,330.1597,0,0.64421,32.84829,8.29868,0,0
23,15/07/2019,3,301.84052,6.41,0.7313,34.70202,9.96913,3,473.78
24,15/07/2019,4,296.27527,6.13,0.71883,29.03593,9.65411,0,480.95
25,15/07/2019,4,327.64883,16.83,0.65622,31.75983,8.93954,0,497.83
26,15/07/2019,4,332.11588,8.85,0.71315,33.57763,9.04295,0,476.66
27,15/07/2019,4,295.9202,0,0.72389,31.40676,10.82118,0,463.62
28,15/07/2019,4,268.8848,3.18,0.67452,26.22452,9.68481,3,745.57
29,15/07/2019,4,255.80756,0,0.73585,29.35583,11.35847,3,443.47
30,15/07/2019,4,308.49347,3.17,0.70464,31.07397,9.65838,0,644
31,15/07/2019,4,267.35196,1.83,0.79918,26.11289,7.89638,0,375.63
39,15/07/2019,4,328.46408,0,0.71853,33.76431,7.35513,0,737.31
34,15/07/2019,4,327.01566,0,0.68297,40.55368,9.1942,1,620.57
35,15/07/2019,4,276.22293,0,0.70467,29.65358,12.47656,2,418.91
33,15/07/2019,4,318.70438,0,0.81854,34.24751,8.65613,0,415.41
14,15/07/2019,4,331.08606,0,0.73363,27.44208,6.98528,0,680.61
36,15/07/2019,4,270.5975,8.8,0.78304,26.56447,9.18111,2,517.98
37,15/07/2019,4,291.80731,0,0.75431,28.19853,9.14149,6,667.31
38,15/07/2019,4,298.56528,8.33,0.78665,29.35623,7.78505,0,350.83
23,15/07/2019,4,291.60385,0,0.62,32.88356,10.79108,2,523.04
24,15/07/2019,5,267.85565,0,0.74046,26.30553,8.79789,0,473.19
25,15/07/2019,5,299.09134,0,0.62444,29.85293,8.3956,0,454.57
26,15/07/2019,5,337.97891,32.21,0.76925,36.12577,8.70277,0,447.11
27,15/07/2019,5,298.57925,9.93,0.73571,32.01808,8.4476,0,480.39
28,15/07/2019,5,270.87741,0,0.65144,25.67497,9.20354,3,640.34
29,15/07/2019,5,287.12033,0,0.77845,31.94234,10.20494,1,466.7
30,15/07/2019,5,302.29788,1.01,0.76908,30.18381,10.05318,0,650.67
31,15/07/2019,5,272.29855,0,0.74908,25.984,8.73717,0,212.64
39,15/07/2019,5,264.62537,5.79,0.80671,30.26244,10.31133,4,663.93
34,15/07/2019,5,289.97867,0,0.77069,36.5751,10.07655,3,653.56
35,15/07/2019,5,266.54803,0,0.7872,30.19415,13.62886,1,444.45
33,15/07/2019,5,315.24707,0,0.69162,33.94049,9.13765,0,375.51
14,15/07/2019,5,299.99268,0,0.73774,24.73064,7.04199,0,672.16
36,15/07/2019,5,228.40231,14.88,0.73602,22.95669,11.1752,2,517.26
37,15/07/2019,5,289.62433,4.46,0.6372,27.38665,10.70992,2,597.02
38,15/07/2019,5,285.66351,0,0.64852,28.64309,10.22289,0,481.14
23,15/07/2019,5,277.53,9.43,0.73457,31.82952,11.19461,4,510.63
24,15/07/2019,6,323.92914,6.46,0.71721,30.82529,8.31461,0,618.02
25,15/07/2019,6,324.71765,3.67,0.73845,32.34168,7.76678,0,465.17
26,15/07/2019,6,336.09677,23.75,0.7424,36.87734,10.26445,0,495.83
27,15/07/2019,6,311.21042,0,0.71516,30.37223,6.84604,0,474.43
28,15/07/2019,6,314.61163,0,0.68978,29.32291,8.97836,3,673.52
29,15/07/2019,6,292.15677,2.83,0.80224,31.93196,11.52536,1,493.18
30,15/07/2019,6,325.49564,2.68,0.69997,31.47116,7.46149,0,702.26
31,15/07/2019,6,282.93869,9.85,0.79276,26.44636,7.84255,0,205.66
39,15/07/2019,6,246.81015,7.34,0.79012,26.44858,10.02493,4,713.55
34,15/07/2019,6,290.80206,0,0.77556,34.80547,12.44106,1,613.18
35,15/07/2019,6,276.31528,0,0.70652,26.78154,11.43205,0,443.89
33,15/07/2019,6,282.28122,5.69,0.76196,28.95596,8.02036,0,572.53
14,15/07/2019,6,301.04715,0.49,0.67273,26.9969,9.80096,0,632.63
36,15/07/2019,6,255.86757,13.9,0.7793,24.92699,9.22466,2,529.68
37,15/07/2019,6,301.31427,0,0.66555,28.43717,8.85897,3,608.35
38,15/07/2019,6,287.74789,0,0.66598,27.8701,8.43712,0,484.3
23,15/07/2019,6,296.77661,0,0.72336,34.55618,11.45308,4,543.27
24,17/07/2019,1,232.31845,0,0.76306,25.12518,11.36996,0,579.25
25,17/07/2019,1,273.44583,0,0.64563,27.57149,8.25545,0,511.68
26,17/07/2019,1,262.47064,0.5,0.76142,29.70936,11.32527,0,522.38
27,17/07/2019,1,233.85229,8.08,0.71622,25.64064,10.52606,0,534.3
28,17/07/2019,1,299.87515,6.58,0.85584,30.29466,9.58252,4,676.34
29,17/07/2019,1,274.8584,3.38,0.72957,33.59791,11.42076,4,473.76
30,17/07/2019,1,269.06821,0,0.74452,28.21592,12.01174,0,670.7
31,17/07/2019,1,255.31097,0,0.78529,23.92987,7.42251,0,129
39,17/07/2019,1,288.60809,0,0.93388,32.77427,10.16284,4,683.61
34,17/07/2019,1,252.02267,0,0.86895,33.80946,12.77644,3,614.61
35,17/07/2019,1,267.93295,0,0.73445,30.79628,14.77235,1,418.15
33,17/07/2019,1,226.47139,0,0.64743,24.12544,9.49955,0,201.24
14,17/07/2019,1,232.6492,0.41,0.80736,23.67994,8.63546,0,350.88
36,17/07/2019,1,244.172,0,0.8732,25.74232,10.11211,3,470.34
37,17/07/2019,1,289.23398,9.2,0.84789,29.48875,8.49885,3,610.41
38,17/07/2019,1,303.53354,0,0.7102,31.10592,7.70547,0,475.3
23,17/07/2019,1,274.26758,0,0.74894,31.76051,11.26774,3,463.63
24,17/07/2019,2,255.33594,4.75,0.75341,25.88497,9.0556,0,557.7
25,17/07/2019,2,258.40036,0,0.68112,29.04147,12.12601,0,447.73
26,17/07/2019,2,303.38657,0,0.71418,31.48026,10.52589,0,404.84
27,17/07/2019,2,262.26288,0,0.7518,25.98802,9.30282,0,464.36
28,17/07/2019,2,321.47281,10.11,0.76898,30.67852,10.03142,1,682.76
29,17/07/2019,2,308.87756,0,0.64637,32.87906,9.96075,0,476.65
30,17/07/2019,2,287.41293,2.57,0.81593,31.39351,11.6875,0,702.77
31,17/07/2019,2,238.85167,0,0.77389,23.58728,9.32459,0,172.72
39,17/07/2019,2,294.57669,5.54,0.79909,33.32823,9.95942,2,712.72
34,17/07/2019,2,297.66492,9.97,0.82938,39.46623,12.42252,3,669.08
35,17/07/2019,2,296.36456,0,0.72801,30.62733,12.80415,1,487.46
33,17/07/2019,2,290.27457,0,0.74841,30.5825,9.3453,0,61.92
14,17/07/2019,2,273.93048,1.02,0.65207,23.03678,8.19144,0,789.48
36,17/07/2019,2,269.65915,0,0.88549,29.02036,9.70513,5,474.95
37,17/07/2019,2,302.15256,0,0.795,29.08301,9.50841,7,629.41
38,17/07/2019,2,305.56519,0,0.69999,31.77823,9.32269,0,507.17
23,17/07/2019,2,292.52017,1.45,0.72387,34.19826,12.49303,4,501.09
24,17/07/2019,3,275.70831,0.5,0.7834,29.46045,9.91729,0,605.17
25,17/07/2019,3,289.41495,0,0.67374,29.683,9.53429,0,457.7
26,17/07/2019,3,286.01529,0,0.79371,31.4919,11.91471,0,410.14
27,17/07/2019,3,283.84549,3.08,0.7333,29.56684,8.74702,0,520.25
28,17/07/2019,3,250.6761,0,0.77971,24.83239,10.15639,2,602.21
29,17/07/2019,3,256.5856,0,0.7403,30.19908,12.40759,1,459.23
30,17/07/2019,3,270.02478,0,0.71123,27.69401,11.47289,0,693.74
31,17/07/2019,3,242.13699,0.43,0.8013,22.58034,8.37371,0,294.59
39,17/07/2019,3,253.81424,1.43,0.70826,28.53572,11.63824,3,713.04
34,17/07/2019,3,277.64685,0,0.77954,36.37779,13.00304,3,648.46
35,17/07/2019,3,256.87354,0,0.72376,28.25532,13.99443,2,455.59
33,17/07/2019,3,272.20828,0,0.75798,29.91972,9.09681,0,518.28
14,17/07/2019,3,268.27078,4.28,0.72309,22.96071,8.91616,0,779.16
36,17/07/2019,3,221.72012,0,0.7338,23.02378,11.40596,4,436.63
37,17/07/2019,3,260.76544,0,0.71916,25.58649,11.54703,4,631.82
38,17/07/2019,3,263.78036,0,0.74214,28.81501,10.99434,0,498.91
23,17/07/2019,3,267.53632,0.46,0.63426,29.71964,13.95825,2,486.84
24,17/07/2019,4,248.5681,0,0.71156,26.63791,13.40572,0,523.98
25,17/07/2019,4,251.66617,0,0.75027,27.9333,11.04541,0,500.03
26,17/07/2019,4,249.33145,0,0.6577,26.51922,13.45459,0,360.33
27,17/07/2019,4,246.31216,0,0.73449,25.93314,9.84602,0,497.38
28,17/07/2019,4,276.38412,7.44,0.67992,25.20159,9.05142,3,666.11
29,17/07/2019,4,268.61694,0,0.60339,28.70913,10.05354,0,457.05
30,17/07/2019,4,271.99063,0,0.76551,27.77461,10.16042,0,700.09
31,17/07/2019,4,225.59195,0,0.75725,21.88713,9.39314,0,219.67
39,17/07/2019,4,269.59433,4,0.8077,28.13189,8.51178,3,693.4
34,17/07/2019,4,281.30905,0,0.77302,35.28669,12.78835,2,625.72
35,17/07/2019,4,258.56104,0,0.75324,27.38416,12.37218,1,443.18
33,17/07/2019,4,261.89532,0,0.60837,27.09441,11.26543,0,534.28
14,17/07/2019,4,263.76385,0,0.75518,24.42376,10.15173,0,526.32
36,17/07/2019,4,271.28317,0,0.848,27.1837,9.189,2,472.23
37,17/07/2019,4,263.4808,4.27,0.76161,25.25804,10.28241,3,590.94
38,17/07/2019,4,264.7406,1.56,0.70919,28.064,10.74996,0,484.39
23,17/07/2019,4,281.28339,0,0.76774,34.46075,12.95831,5,500.5
24,17/07/2019,5,276.63266,12.13,0.7881,29.80795,10.4149,0,635.75
25,17/07/2019,5,258.15808,0,0.70419,27.62751,12.57127,0,455.13
26,17/07/2019,5,280.72894,0,0.77296,32.11848,14.88731,0,445.49
27,17/07/2019,5,248.8252,0,0.69323,25.35772,8.972,0,510.06
28,17/07/2019,5,272.06665,0.9,0.73871,25.34423,8.91104,4,631.82
29,17/07/2019,5,291.56564,0,0.65457,30.77856,9.73862,1,427.2
30,17/07/2019,5,256.52139,0,0.7505,27.12883,11.97433,0,701.67
31,17/07/2019,5,221.15015,0,0.70093,22.07402,9.43126,0,237.14
39,17/07/2019,5,282.36694,2.79,0.69831,29.65292,8.73244,3,659.81
34,17/07/2019,5,316.17258,0,0.84214,41.16496,11.24203,2,682.99
35,17/07/2019,5,282.48755,0,0.70841,29.39926,13.41451,3,473.32
33,17/07/2019,5,250.86386,0,0.73461,26.45591,12.32596,0,534.28
14,17/07/2019,5,265.95248,1.34,0.7868,24.86696,9.81007,0,0
36,17/07/2019,5,233.43571,7.73,0.77323,23.77776,8.6855,4,434.15
37,17/07/2019,5,286.71249,0,0.76086,27.98797,11.51955,2,597.26
38,17/07/2019,5,288.59082,0,0.69001,27.64477,7.74998,0,489.55
23,17/07/2019,5,282.30157,0,0.65899,30.95906,13.6257,2,495.59
24,20/07/2019,1,205.77083,0,0.27527,21.45115,6.98566,0,379.15
25,20/07/2019,1,256.58228,0,0.50397,23.90769,9.48926,0,290
27,20/07/2019,1,214.59955,0.99,0.55947,21.31063,9.90759,3,300.17
28,20/07/2019,1,252.63324,0,0.66173,24.12363,11.63981,0,586.78
29,20/07/2019,1,239.50644,0,0.54494,24.32393,11.08834,3,326.51
30,20/07/2019,1,253.96754,0,0.65038,24.20732,10.27666,4,491.32
39,20/07/2019,1,284.0368,0.46,0.76171,31.2211,12.75609,0,556.26
32,20/07/2019,1,237.90933,0,0.60833,25.11622,9.43821,3,391.89
34,20/07/2019,1,260.81454,0,0.73483,32.10123,13.50493,0,473.94
35,20/07/2019,1,237.479,0,0.71335,27.70765,14.83909,0,414.75
33,20/07/2019,1,227.85895,0,0.6396,22.6174,8.47531,4,420.46
14,20/07/2019,1,199.59058,0,0.53859,16.22981,8.56789,0,439.8
36,20/07/2019,1,259.79611,0,0.69766,25.97437,9.15537,0,466.88
37,20/07/2019,1,264.03558,0,0.58804,28.40568,10.67412,0,0
38,20/07/2019,1,240.86873,0,0.70583,27.22378,11.56672,0,396.9
23,20/07/2019,1,273.50342,0,0.7395,30.54179,11.90811,0,464.9
24,20/07/2019,2,236.17374,0,0.68771,23.75305,11.33185,2,473.55
25,20/07/2019,2,269.14722,3.88,0.64491,28.9304,12.59513,3,446.67
27,20/07/2019,2,268.18265,0,0.69031,28.77289,11.28136,3,417.8
28,20/07/2019,2,274.44565,0,0.78977,28.08895,9.04118,0,657.06
29,20/07/2019,2,283.30945,0,0.71833,33.6306,12.21926,2,482.7
30,20/07/2019,2,260.08472,0,0.6986,26.2652,10.94997,2,611.07
39,20/07/2019,2,262.30099,6.01,0.75631,29.07937,12.7843,0,684.07
32,20/07/2019,2,250.62967,0,0.64271,26.84679,12.9385,2,468.02
34,20/07/2019,2,274.86044,8.32,0.83336,31.72457,11.32887,0,498.88
35,20/07/2019,2,271.21204,0,0.80195,27.83978,11.30758,0,441.49
33,20/07/2019,2,230.50079,0,0.62339,22.0451,9.70531,2,519.7
14,20/07/2019,2,258.66522,0,0.68451,21.48944,8.83427,3,485.08
36,20/07/2019,2,251.76762,0,0.69914,25.02134,10.30477,0,481.65
37,20/07/2019,2,278.25186,0,0.69166,26.02093,8.97423,0,8.77
38,20/07/2019,2,254.72382,0,0.695,26.70405,9.24014,0,456.24
23,20/07/2019,2,283.68167,2.64,0.7264,32.39279,12.89393,0,490.21
24,20/07/2019,3,268.93216,2.13,0.71262,27.40498,11.07237,1,581.89
25,20/07/2019,3,277.65723,0,0.74729,28.13539,11.39703,2,481.54
27,20/07/2019,3,258.21118,0,0.65991,26.82009,10.11795,3,434.26
28,20/07/2019,3,305.53101,2.22,0.7833,29.66711,8.04728,0,601.95
29,20/07/2019,3,275.0332,0,0.67266,32.0025,12.7994,1,470.37
30,20/07/2019,3,237.85791,0,0.7413,24.65976,10.86391,3,644.59
39,20/07/2019,3,284.57202,0,0.77625,30.72201,11.05027,0,663.47
32,20/07/2019,3,267.26715,0.44,0.66492,29.92988,12.03703,3,669.93
34,20/07/2019,3,270.91885,0,0.71553,33.13998,12.28592,0,478.57
35,20/07/2019,3,271.35043,0,0.7211,27.26603,10.78814,0,467.49
33,20/07/2019,3,239.99805,0,0.64439,23.6217,9.92767,5,541.01
14,20/07/2019,3,269.88571,9.98,0.74017,23.62704,9.56207,2,604.9
36,20/07/2019,3,265.1546,0,0.78235,27.65649,10.68237,0,499.93
38,20/07/2019,3,277.71689,0,0.67324,27.03065,11.11703,0,466.32
23,20/07/2019,3,259.04514,2.46,0.7176,30.27052,13.27193,0,511.58
24,20/07/2019,4,298.94287,0,0.67179,28.48357,10.60207,1,578.92
25,20/07/2019,4,273.99579,2.48,0.74864,28.39312,11.32379,5,529.26
27,20/07/2019,4,309.979,3.64,0.69339,31.71658,11.49577,3,531.72
28,20/07/2019,4,260.41406,0,0.68869,25.15353,10.10246,0,674.31
29,20/07/2019,4,308.98804,0,0.6083,32.25705,12.11087,1,498.93
30,20/07/2019,4,286.72354,0.45,0.69743,27.96798,9.96238,7,717.43
39,20/07/2019,4,245.28882,0,0.69027,25.54954,10.59971,0,686.53
32,20/07/2019,4,265.59882,2.78,0.68818,30.95402,12.40645,4,694.9
34,20/07/2019,4,241.13208,4.06,0.73813,29.59875,14.19291,0,517.46
35,20/07/2019,4,255.83505,0,0.70978,24.71473,12.16669,0,487.11
33,20/07/2019,4,266.9502,0,0.74102,26.37594,9.45205,6,620.99
14,20/07/2019,4,305.62744,2.92,0.71041,24.58599,7.65053,1,602.13
36,20/07/2019,4,261.8331,0,0.81851,27.65776,12.33353,0,523.37
38,20/07/2019,4,249.198,1.57,0.65165,25.0551,9.57083,0,508.77
23,20/07/2019,4,269.89572,0,0.67283,28.98448,13.25166,0,503.55
24,22/07/2019,1,254.27229,0,0.70011,24.47184,11.22644,0,562.2
25,22/07/2019,1,257.63297,0,0.77933,29.17968,12.8786,0,479.98
26,22/07/2019,1,258.01212,0,0.76403,28.62379,12.69589,0,522.78
27,22/07/2019,1,255.35442,0,0.68934,26.83823,10.77094,0,373.12
28,22/07/2019,1,265.31604,0,0.83039,26.65681,10.42722,3,717.24
29,22/07/2019,1,274.16107,0,0.68736,31.02413,12.48889,0,530.67
30,22/07/2019,1,226.80063,0,0.77296,26.19983,13.87813,4,684.84
31,22/07/2019,1,243.87152,0,0.6367,23.86305,9.53805,2,0
39,22/07/2019,1,256.5715,2.81,0.85684,29.18962,11.12918,2,530.67
32,22/07/2019,1,262.47012,0,0.57764,30.12533,12.07436,2,670.7
33,22/07/2019,1,253.89856,0,0.68477,26.42313,11.03722,0,502.45
35,22/07/2019,1,247.75194,0,0.77946,28.07288,14.78762,4,489.21
34,22/07/2019,1,226.5916,2.81,0.82143,30.50275,14.43835,3,528.61
14,22/07/2019,1,277.87454,0,0.77715,24.31146,8.37932,0,716.16
36,22/07/2019,1,243.20844,0,0.82498,28.56087,13.79389,3,534.81
37,22/07/2019,1,267.05002,6.07,0.78661,26.89948,9.4183,0,677.98
23,22/07/2019,1,236.76888,0,0.77463,28.3333,14.56128,4,527.06
24,22/07/2019,2,278.3797,0,0.70803,28.18402,12.28945,0,636.72
25,22/07/2019,2,268.27573,0,0.69693,28.25172,11.54453,0,455.64
26,22/07/2019,2,298.64859,5.72,0.89832,37.01799,13.58385,0,496.19
27,22/07/2019,2,262.31281,1.17,0.67764,29.53742,13.05026,0,399.5
28,22/07/2019,2,251.2843,0,0.7501,26.06887,11.95841,5,747.55
29,22/07/2019,2,288.22412,0,0.6464,33.37953,11.49133,0,542.03
30,22/07/2019,2,243.4024,0,0.79548,26.86456,13.09623,4,495.36
31,22/07/2019,2,237.29324,0,0.7139,26.43619,12.95964,4,171.01
39,22/07/2019,2,305.90848,0,0.88113,35.87489,12.36251,3,622.11
32,22/07/2019,2,249.38379,0,0.64789,31.00191,15.20427,5,652.28
33,22/07/2019,2,268.8811,0,0.7399,27.78285,11.521,0,490.86
35,22/07/2019,2,254.67749,0,0.8085,28.89983,13.45792,3,500.05
34,22/07/2019,2,257.17056,0,0.77276,32.28204,13.42951,3,580.58
14,22/07/2019,2,262.11151,0,0.64061,21.14912,9.34545,0,539.56
36,22/07/2019,2,278.70203,6.43,0.79852,30.77271,13.64732,0,592.71
37,22/07/2019,2,257.21686,0,0.72299,25.62461,10.84157,0,452.92
23,22/07/2019,2,284.72574,0,0.76203,33.01084,11.91759,2,577.57
24,22/07/2019,3,302.25204,0,0.73355,30.73138,10.07027,0,652.07
25,22/07/2019,3,292.43848,0.87,0.68592,31.51605,10.34206,0,454.74
26,22/07/2019,3,285.76266,0,0.82997,31.60738,10.14584,0,488.34
27,22/07/2019,3,265.59222,0.96,0.73631,28.88345,10.12635,0,439.89
28,22/07/2019,3,250.91458,0,0.81222,26.81426,9.20152,5,709.94
29,22/07/2019,3,275.03064,0,0.78877,32.98851,11.69129,0,522.07
30,22/07/2019,3,260.1199,0,0.79412,29.05428,13.12672,2,670.94
31,22/07/2019,3,225.10925,0,0.80238,23.6734,9.97563,3,292.18
39,22/07/2019,3,290.10077,4.89,0.82634,32.52935,10.57953,3,628.94
32,22/07/2019,3,257.2771,0,0.65917,29.26557,12.23894,2,595.8
33,22/07/2019,3,275.34207,4.92,0.67277,28.90722,12.17325,0,523.1
35,22/07/2019,3,252.62813,0,0.72716,28.99185,13.1633,4,450.32
34,22/07/2019,3,242.24336,0,0.7667,27.15171,11.72736,3,501.82
14,22/07/2019,3,270.29364,0,0.73897,26.08713,10.16319,0,653.15
36,22/07/2019,3,300.38556,0,0.82528,32.85091,11.11521,2,628.02
37,22/07/2019,3,276.80731,0,0.78472,27.15269,10.6442,0,490.42
23,22/07/2019,3,284.44376,0,0.72236,31.92977,10.37889,3,615.58
24,22/07/2019,4,264.67828,0,0.62734,25.30678,8.17416,0,651.84
25,22/07/2019,4,292.79907,0,0.64449,32.76357,10.31825,0,499.35
26,22/07/2019,4,269.31262,4.12,0.81411,30.85938,11.6546,0,487.78
27,22/07/2019,4,275.94672,0,0.68773,28.73754,9.39635,0,419.69
28,22/07/2019,4,248.24062,0,0.69179,22.76509,9.01208,4,675.82
29,22/07/2019,4,271.75708,0,0.70603,31.17161,12.12103,0,537.77
30,22/07/2019,4,243.30983,0,0.70284,25.93263,12.22989,2,677.32
31,22/07/2019,4,242.61751,0,0.7377,25.0317,9.76177,3,126.9
39,22/07/2019,4,278.16049,0,0.8309,30.96003,11.58377,3,628.15
32,22/07/2019,4,278.35941,0,0.66018,32.40371,13.43578,6,640.05
33,22/07/2019,4,264.10986,0,0.63954,26.27442,9.00943,0,532.05
35,22/07/2019,4,248.06778,0,0.71348,26.53203,13.74146,2,429.13
34,22/07/2019,4,255.26212,0,0.8471,32.33091,14.24693,5,548.72
14,22/07/2019,4,266.18176,14.83,0.76821,23.2203,9.26656,0,681.15
36,22/07/2019,4,256.94962,0,0.80129,27.7758,10.76801,2,592.58
37,22/07/2019,4,308.24487,0,0.73272,28.74729,7.69204,0,490.63
23,22/07/2019,4,261.04901,2.63,0.8567,31.09564,12.89867,5,616.88
24,22/07/2019,5,245.26416,0,0.6356,22.56949,9.15698,0,481.18
25,22/07/2019,5,259.0686,0,0.7426,28.06211,10.4064,0,478.84
26,22/07/2019,5,274.01416,0,0.74407,30.20825,11.55292,0,435.07
27,22/07/2019,5,283.22705,0.89,0.7249,28.08151,8.83215,0,416.78
28,22/07/2019,5,296.70313,0,0.70107,27.25555,8.38953,1,676.58
29,22/07/2019,5,267.73209,0,0.63954,32.13373,12.09036,0,450.41
30,22/07/2019,5,268.79236,0,0.74749,27.44906,12.04767,1,700.68
31,22/07/2019,5,243.99623,0,0.66898,23.86152,9.20162,1,182.48
39,22/07/2019,5,274.29199,0.49,0.87542,31.40463,10.31033,5,667.54
32,22/07/2019,5,287.26807,2.17,0.66076,33.04187,11.48853,2,661.43
33,22/07/2019,5,257.03976,3.94,0.64301,25.77213,10.31664,0,488.66
35,22/07/2019,5,267.06644,0,0.72516,27.996,13.25742,0,453
34,22/07/2019,5,273.9465,0,0.88308,35.66054,13.04034,7,480.33
14,22/07/2019,5,257.78809,3.18,0.7241,22.1442,9.72938,0,598.04
36,22/07/2019,5,276.83813,1.84,0.91057,29.31824,8.73941,2,603.71
37,22/07/2019,5,260.06812,6.52,0.70363,24.43159,9.56647,0,334.58
23,22/07/2019,5,278.32788,6.49,0.79246,30.38803,11.2632,1,610.9
24,24/07/2019,1,277.39526,0,0.69983,27.91229,11.88601,0,432.75
25,24/07/2019,1,295.46494,0,0.65801,31.97096,10.24369,0,420
26,24/07/2019,1,301.47427,4.72,0.87366,34.87805,10.67901,0,441.45
27,24/07/2019,1,265.51538,0,0.70249,31.33934,12.50837,4,509.8
29,24/07/2019,1,288.00732,5.08,0.77743,35.88971,13.69356,0,480.57
30,24/07/2019,1,268.88898,0,0.72761,30.62937,14.74155,2,548.72
31,24/07/2019,1,212.10231,0,0.63504,22.06174,11.96102,4,549.51
32,24/07/2019,1,256.26651,0,0.65874,32.55928,17.6299,5,484.12
34,24/07/2019,1,269.09909,0,0.86937,35.40315,13.67924,4,545.11
35,24/07/2019,1,308.03839,0,0.8138,36.21571,14.30602,4,511
33,24/07/2019,1,260.95096,0,0.64211,27.23496,11.96771,0,453.21
14,24/07/2019,1,258.2984,0,0.75366,25.63128,12.15349,6,653.61
36,24/07/2019,1,301.98502,0,0.85958,33.25336,9.33761,0,461.24
23,24/07/2019,1,279.00882,1.42,0.82759,33.44166,12.10196,0,448.67
24,24/07/2019,2,278.73877,0,0.73193,29.72443,10.96333,0,480.98
25,24/07/2019,2,291.50507,2.11,0.73246,32.12084,11.42657,0,396.49
26,24/07/2019,2,257.30994,0,0.83307,33.77569,13.44087,0,416.54
27,24/07/2019,2,282.11533,0,0.715,31.35795,12.30386,2,505.38
29,24/07/2019,2,254.64932,0,0.70003,32.99991,15.00407,0,449.65
30,24/07/2019,2,275.64484,0,0.74578,30.90225,13.79399,4,536.44
31,24/07/2019,2,232.29565,0,0.68245,23.35389,11.76984,4,220.56
32,24/07/2019,2,292.25406,0,0.70906,37.52212,15.05289,4,490.21
34,24/07/2019,2,282.755,0.92,0.80436,37.71684,15.36532,6,509.05
35,24/07/2019,2,291.18835,0,0.77396,34.34233,14.05808,5,483.64
33,24/07/2019,2,267.21597,0,0.64351,28.12196,11.6092,0,495.64
14,24/07/2019,2,234.539,6.75,0.80944,25.05231,11.41782,7,629.51
36,24/07/2019,2,254.07014,2.59,0.91019,30.45516,11.31105,0,579.74
23,24/07/2019,2,267.57645,0,0.75475,31.51513,13.04049,0,450.06
24,24/07/2019,3,241.76196,0,0.74542,28.08496,13.20117,0,571.74
25,24/07/2019,3,262.22919,0,0.72736,32.23949,15.42122,0,477.05
26,24/07/2019,3,265.29547,2.65,0.76733,32.30724,15.20502,0,491.1
27,24/07/2019,3,278.41064,0,0.72013,32.78615,13.94262,4,604.3
29,24/07/2019,3,258.03198,0,0.57428,28.69347,15.47153,0,417.57
30,24/07/2019,3,284.52689,0,0.74292,33.52262,15.41817,8,712.69
31,24/07/2019,3,243.05328,0,0.75152,27.1652,12.395,6,269.46
32,24/07/2019,3,274.5835,0,0.70074,37.12177,15.90525,6,650.46
34,24/07/2019,3,302.32465,0,0.80797,38.88194,13.56644,6,609.57
35,24/07/2019,3,291.87744,0,0.79877,33.50058,13.08682,4,522.89
33,24/07/2019,3,223.9467,0,0.66954,24.40794,11.9117,0,520.76
14,24/07/2019,3,269.42828,6.44,0.73074,25.00101,13.08443,2,641.24
36,24/07/2019,3,258.82541,4.27,0.75154,27.79547,12.73114,0,540.19
23,24/07/2019,3,270.86423,0,0.67814,31.15535,13.93998,0,500.2
24,24/07/2019,4,273.17932,6.64,0.76232,28.76696,11.1601,0,644.61
25,24/07/2019,4,262.65625,0,0.66061,28.95703,11.691,0,488.81
26,24/07/2019,4,264.88226,0.95,0.84389,32.27822,12.02287,0,440.77
27,24/07/2019,4,238.1297,0,0.58984,24.56007,13.54461,2,478.31
29,24/07/2019,4,253.50926,0,0.59787,30.26287,15.20481,0,440.11
30,24/07/2019,4,257.8201,0,0.74349,30.8727,14.04573,8,690.74
31,24/07/2019,4,244.94485,8.18,0.82413,26.57145,10.58063,6,141.95
32,24/07/2019,4,256.6546,0,0.74339,34.61284,14.896,6,635.19
34,24/07/2019,4,281.42242,0,0.8172,36.53389,13.30498,6,605.27
35,24/07/2019,4,264.5155,0,0.687,28.95651,14.88583,3,500.02
33,24/07/2019,4,256.76224,0,0.73535,28.59457,11.01988,0,596.74
14,24/07/2019,4,256.3147,0,0.66586,22.84129,10.92761,1,675.38
36,24/07/2019,4,260.11761,12.83,0.77353,30.54243,11.84406,0,661.34
23,24/07/2019,4,289.34561,0,0.74472,33.17107,13.45439,0,474.58
24,24/07/2019,5,293.78238,0.31,0.65635,30.55022,12.35683,0,643.46
25,24/07/2019,5,306.57877,4.45,0.70682,33.07201,10.85212,0,495.94
26,24/07/2019,5,293.444,1.43,0.88536,34.30302,11.20149,0,501.22
27,24/07/2019,5,258.48624,3.9,0.68368,29.02271,14.20103,3,555.91
29,24/07/2019,5,283.8931,0,0.77096,33.92432,13.63066,0,485.1
30,24/07/2019,5,275.95145,0,0.63037,30.45904,13.59238,4,717.53
31,24/07/2019,5,263.82483,0,0.74118,27.85679,10.85488,5,179.01
32,24/07/2019,5,259.62589,0.91,0.66304,32.661,16.838,5,590.6
34,24/07/2019,5,268.1488,0,0.7632,34.54608,14.28168,9,623.12
35,24/07/2019,5,254.19162,0,0.72461,28.74149,13.27861,6,503.44
33,24/07/2019,5,280.3407,0,0.7448,31.59636,12.04855,0,618.45
14,24/07/2019,5,251.38582,0.98,0.68188,23.34626,13.05579,3,730.01
36,24/07/2019,5,285.05707,2.45,0.80939,31.94465,12.34796,0,688.3
23,24/07/2019,5,289.14011,0,0.80852,35.49628,14.68294,0,494.87
37,20/07/2019,3,298.53119,0,0.65526,28.48305,8.55843,0,679.47
37,20/07/2019,4,283.72754,0,0.67519,27.94119,9.87675,0,573.99
